ons Calattrava,s25,6-2,Column 04,Column 05,Column 06,Column 07
bai Calll.e Siinalo.a, g25, 6-2
ztb Callle. .Sinalooa, y25, 6-2
jiz Caall.e .Sinalloa, 25g, 6-2
sxq Callle Sin.all.oa, 25x, 6-2
lrn Callee Sinalo.a.a, 25b, 6-2
aga CCalle .S.inaloaa, v25, 6-2
gzs Callee .SSinalo.a, 25r, 6-2
qed Ca.llle Si.nnaloa, 25p, 6-2
wzn Callle .S.inalooa, s25, 6-2
wxb Ca.alle SSi.naloa, 25q, 6-2
afs Ca.rrrer dde C.allatrava, n25, 6-2
kmb Carrrer dd.e Cal.atraava, p25, 6-2
wta Carr.err dde. Calatravaa, b25, 6-2
cfo Car.rrer dde Callatrav.a, 25c, 6-2
ofm Caarrer dde Calatrav..va, 25d, 6-2
hqi Carrr.er dee Calatr.avva, 25f, 6-2
ohj C.arr.eer dee Calaatrava, n25, 6-2
zpl Car.reer dee C.aalatrava, 25n, 6-2
soy CCarrer. dde Cal.atraava, n25, 6-2
als Carrrer .dde Cala.traava, 25d, 6-2